project,github_repo,github_url,local_commit_count,path
a3via,a3viaussy,https://github.com/mojomast/a3viaussy,1,/home/mojo/builds/a3via
acclima,acclimaussy,https://github.com/mojomast/acclimaussy,1,/home/mojo/builds/acclima
actuary,actuaryussy,https://github.com/mojomast/actuaryussy,1,/home/mojo/builds/actuary
actuata,actuataussy,https://github.com/mojomast/actuataussy,1,/home/mojo/builds/actuata
acumen,acumenussy,https://github.com/mojomast/acumenussy,1,/home/mojo/builds/acumen
adhera,adheraussy,https://github.com/mojomast/adheraussy,1,/home/mojo/builds/adhera
adme,admeussy,https://github.com/mojomast/admeussy,1,/home/mojo/builds/adme
adsorba,adsorbaussy,https://github.com/mojomast/adsorbaussy,1,/home/mojo/builds/adsorba
aerona,aeronaussy,https://github.com/mojomast/aeronaussy,1,/home/mojo/builds/aerona
aero,aeroussy,https://github.com/mojomast/aeroussy,1,/home/mojo/builds/aero
alembic,alembicussy,https://github.com/mojomast/alembicussy,1,/home/mojo/builds/alembic
alloma,allomaussy,https://github.com/mojomast/allomaussy,1,/home/mojo/builds/alloma
altshullera,altshulleraussy,https://github.com/mojomast/altshulleraussy,1,/home/mojo/builds/altshullera
andonia,andoniaussy,https://github.com/mojomast/andoniaussy,1,/home/mojo/builds/andonia
anella,anellaussy,https://github.com/mojomast/anellaussy,1,/home/mojo/builds/anella
apicola,apicolaussy,https://github.com/mojomast/apicolaussy,1,/home/mojo/builds/apicola
apoptosis,apoptosisussy,https://github.com/mojomast/apoptosisussy,1,/home/mojo/builds/apoptosis
aquaria,aquariaussy,https://github.com/mojomast/aquariaussy,1,/home/mojo/builds/aquaria
aquifer,aquiferussy,https://github.com/mojomast/aquiferussy,1,/home/mojo/builds/aquifer
archivio,archivioussy,https://github.com/mojomast/archivioussy,1,/home/mojo/builds/archivio
arroyona,arroyonaussy,https://github.com/mojomast/arroyonaussy,1,/home/mojo/builds/arroyona
assay,assayussy,https://github.com/mojomast/assayussy,1,/home/mojo/builds/assay
ausculta,auscultussy,https://github.com/mojomast/auscultussy,1,/home/mojo/builds/ausculta
axis,axisussy,https://github.com/mojomast/axisussy,1,/home/mojo/builds/axis
beauforta,beaufortaussy,https://github.com/mojomast/beaufortaussy,1,/home/mojo/builds/beauforta
benforda,benfordaussy,https://github.com/mojomast/benfordaussy,1,/home/mojo/builds/benforda
bid,bidussy,https://github.com/mojomast/bidussy,1,/home/mojo/builds/bid
bindery,binderyussy,https://github.com/mojomast/binderyussy,1,/home/mojo/builds/bindery
biofilm,biofilmussy,https://github.com/mojomast/biofilmussy,1,/home/mojo/builds/biofilm
blooma,bloomaussy,https://github.com/mojomast/bloomaussy,1,/home/mojo/builds/blooma
bloom,bloomussy,https://github.com/mojomast/bloomussy,1,/home/mojo/builds/bloom
bolusa,bolusaussy,https://github.com/mojomast/bolusaussy,1,/home/mojo/builds/bolusa
bonsai,bonsaiussy,https://github.com/mojomast/bonsaiussy,1,/home/mojo/builds/bonsai
boustro,boustroussy,https://github.com/mojomast/boustroussy,1,/home/mojo/builds/boustro
calcara,calcaraussy,https://github.com/mojomast/calcaraussy,1,/home/mojo/builds/calcara
caldera,calderaussy,https://github.com/mojomast/calderaussy,1,/home/mojo/builds/caldera
calibre,calibreussy,https://github.com/mojomast/calibreussy,1,/home/mojo/builds/calibre
cambium,cambiumussy,https://github.com/mojomast/cambiumussy,1,/home/mojo/builds/cambium
capilla,capillaussy,https://github.com/mojomast/capillaussy,1,/home/mojo/builds/capilla
capstan,capstanussy,https://github.com/mojomast/capstanussy,1,/home/mojo/builds/capstan
carboxa,carboxaussy,https://github.com/mojomast/carboxaussy,1,/home/mojo/builds/carboxa
cartographer,cartographerussy,https://github.com/mojomast/cartographerussy,1,/home/mojo/builds/cartographer
cartouche,cartoucheussy,https://github.com/mojomast/cartoucheussy,1,/home/mojo/builds/cartouche
catenaria,catenariaussy,https://github.com/mojomast/catenariaussy,1,/home/mojo/builds/catenaria
cavity,cavityussy,https://github.com/mojomast/cavityussy,1,/home/mojo/builds/cavity
celestial,celestialussy,https://github.com/mojomast/celestialussy,1,/home/mojo/builds/celestial
cerumina,ceruminaussy,https://github.com/mojomast/ceruminaussy,1,/home/mojo/builds/cerumina
chainlet,chainletussy,https://github.com/mojomast/chainletussy,1,/home/mojo/builds/chainlet
chargeguard,chargeguardussy,https://github.com/mojomast/chargeguardussy,1,/home/mojo/builds/chargeguard
chloro,chloroussy,https://github.com/mojomast/chloroussy,1,/home/mojo/builds/chloro
choreo,choreoussy,https://github.com/mojomast/choreoussy,1,/home/mojo/builds/choreo
chromascript,chromascriptussy,https://github.com/mojomast/chromascriptussy,1,/home/mojo/builds/chromascript
chromato,chromatoussy,https://github.com/mojomast/chromatoussy,1,/home/mojo/builds/chromato
chunk,chunkussy,https://github.com/mojomast/chunkussy,1,/home/mojo/builds/chunk
circadia,circadiaussy,https://github.com/mojomast/circadiaussy,1,/home/mojo/builds/circadia
circlera,circleraussy,https://github.com/mojomast/circleraussy,1,/home/mojo/builds/circlera
citewise,citewiseussy,https://github.com/mojomast/citewiseussy,1,/home/mojo/builds/citewise
cladwise,cladwiseussy,https://github.com/mojomast/cladwiseussy,1,/home/mojo/builds/cladwise
clavis,clavisussy,https://github.com/mojomast/clavisussy,1,/home/mojo/builds/clavis
clofora,cloforaussy,https://github.com/mojomast/cloforaussy,1,/home/mojo/builds/clofora
commonsa,commonsaussy,https://github.com/mojomast/commonsaussy,1,/home/mojo/builds/commonsa
composta,compostaussy,https://github.com/mojomast/compostaussy,1,/home/mojo/builds/composta
condorcet,condorcetussy,https://github.com/mojomast/condorcetussy,1,/home/mojo/builds/condorcet
controla,controlaussy,https://github.com/mojomast/controlaussy,1,/home/mojo/builds/controla
coroner,coronerussy,https://github.com/mojomast/coronerussy,1,/home/mojo/builds/coroner
crackwise,crackwiseussy,https://github.com/mojomast/crackwiseussy,1,/home/mojo/builds/crackwise
critica,criticaussy,https://github.com/mojomast/criticaussy,1,/home/mojo/builds/critica
cryora,cryoraussy,https://github.com/mojomast/cryoraussy,1,/home/mojo/builds/cryora
crystallo,crystallossy,https://github.com/mojomast/crystallossy,1,/home/mojo/builds/crystallo
curator,curatorussy,https://github.com/mojomast/curatorussy,1,/home/mojo/builds/curator
current,currentussy,https://github.com/mojomast/currentussy,1,/home/mojo/builds/current
cuticula,cuticulaussy,https://github.com/mojomast/cuticulaussy,1,/home/mojo/builds/cuticula
cutset,cutsetussy,https://github.com/mojomast/cutsetussy,1,/home/mojo/builds/cutset
cyclara,cyclaraussy,https://github.com/mojomast/cyclaraussy,1,/home/mojo/builds/cyclara
cyclone,cycloneussy,https://github.com/mojomast/cycloneussy,1,/home/mojo/builds/cyclone
decibella,decibellaussy,https://github.com/mojomast/decibellaussy,1,/home/mojo/builds/decibella
dendro,dendroussy,https://github.com/mojomast/dendroussy,1,/home/mojo/builds/dendro
derma,dermaussy,https://github.com/mojomast/dermaussy,1,/home/mojo/builds/derma
diopter,diopterussy,https://github.com/mojomast/diopterussy,1,/home/mojo/builds/diopter
dosemate,dosemateussy,https://github.com/mojomast/dosemateussy,1,/home/mojo/builds/dosemate
driftline,driftlineussy,https://github.com/mojomast/driftlineussy,1,/home/mojo/builds/driftline
driftnet,driftnetussy,https://github.com/mojomast/driftnetussy,1,/home/mojo/builds/driftnet
dualia,dualiaussy,https://github.com/mojomast/dualiaussy,1,/home/mojo/builds/dualia
ebbinghaus,ebbinghausussy,https://github.com/mojomast/ebbinghausussy,1,/home/mojo/builds/ebbinghaus
effusa,effusaussy,https://github.com/mojomast/effusaussy,1,/home/mojo/builds/effusa
egressa,egressaussy,https://github.com/mojomast/egressaussy,1,/home/mojo/builds/egressa
elasta,elastaussy,https://github.com/mojomast/elastaussy,1,/home/mojo/builds/elasta
electra,electraussy,https://github.com/mojomast/electraussy,1,/home/mojo/builds/electra
enamela,enamelaussy,https://github.com/mojomast/enamelaussy,1,/home/mojo/builds/enamela
endemic,endemicussy,https://github.com/mojomast/endemicussy,1,/home/mojo/builds/endemic
entrain,entrainussy,https://github.com/mojomast/entrainussy,1,/home/mojo/builds/entrain
epigenetic,epigeneticussy,https://github.com/mojomast/epigeneticussy,1,/home/mojo/builds/epigenetic
epistaxa,epistaxaussy,https://github.com/mojomast/epistaxaussy,1,/home/mojo/builds/epistaxa
equilibria,equilibriaussy,https://github.com/mojomast/equilibriaussy,1,/home/mojo/builds/equilibria
escutcheon,escutcheonussy,https://github.com/mojomast/escutcheonussy,1,/home/mojo/builds/escutcheon
ethon,ethonussy,https://github.com/mojomast/ethonussy,1,/home/mojo/builds/ethon
ethyleno,ethylenoussy,https://github.com/mojomast/ethylenoussy,1,/home/mojo/builds/ethyleno
eutropha,eutrophaussy,https://github.com/mojomast/eutrophaussy,1,/home/mojo/builds/eutropha
exempla,exemplaussy,https://github.com/mojomast/exemplaussy,1,/home/mojo/builds/exempla
extingua,extinguaussy,https://github.com/mojomast/extinguaussy,1,/home/mojo/builds/extingua
fascina,fascinaussy,https://github.com/mojomast/fascinaussy,1,/home/mojo/builds/fascina
fatigue,fatigueussy,https://github.com/mojomast/fatigueussy,1,/home/mojo/builds/fatigue
ferment,fermentussy,https://github.com/mojomast/fermentussy,1,/home/mojo/builds/ferment
fireline,firelineussy,https://github.com/mojomast/firelineussy,1,/home/mojo/builds/fireline
fittsa,fittsaussy,https://github.com/mojomast/fittsaussy,1,/home/mojo/builds/fittsa
flora,floraussy,https://github.com/mojomast/floraussy,1,/home/mojo/builds/flora
foleya,foleyaussy,https://github.com/mojomast/foleyaussy,1,/home/mojo/builds/foleya
forage,forageussy,https://github.com/mojomast/forageussy,1,/home/mojo/builds/forage
forge,forgeussy,https://github.com/mojomast/forgeussy,1,/home/mojo/builds/forge
formica,formicaussy,https://github.com/mojomast/formicaussy,1,/home/mojo/builds/formica
fossilrecord,fossilrecordussy,https://github.com/mojomast/fossilrecordussy,1,/home/mojo/builds/fossilrecord
framora,framoraussy,https://github.com/mojomast/framoraussy,1,/home/mojo/builds/framora
fulgura,fulguraussy,https://github.com/mojomast/fulguraussy,1,/home/mojo/builds/fulgura
gamut,gamutussy,https://github.com/mojomast/gamutussy,1,/home/mojo/builds/gamut
gatewise,gatewiseussy,https://github.com/mojomast/gatewiseussy,1,/home/mojo/builds/gatewise
gemma,gemmaussy,https://github.com/mojomast/gemmaussy,1,/home/mojo/builds/gemma
glacier,glacierussy,https://github.com/mojomast/glacierussy,1,/home/mojo/builds/glacier
granula,granulaussy,https://github.com/mojomast/granulaussy,1,/home/mojo/builds/granula
graviton,gravitonussy,https://github.com/mojomast/gravitonussy,1,/home/mojo/builds/graviton
gridiron,gridironussy,https://github.com/mojomast/gridironussy,1,/home/mojo/builds/gridiron
grooma,groomaussy,https://github.com/mojomast/groomaussy,1,/home/mojo/builds/grooma
haccp,haccpussy,https://github.com/mojomast/haccpussy,1,/home/mojo/builds/haccp
hammera,hammeraussy,https://github.com/mojomast/hammeraussy,1,/home/mojo/builds/hammera
haptena,haptenaussy,https://github.com/mojomast/haptenaussy,1,/home/mojo/builds/haptena
hazarda,hazardaussy,https://github.com/mojomast/hazardaussy,1,/home/mojo/builds/hazarda
hitch,hitchussy,https://github.com/mojomast/hitchussy,1,/home/mojo/builds/hitch
hoist,hoistussy,https://github.com/mojomast/hoistussy,1,/home/mojo/builds/hoist
hone,honeussy,https://github.com/mojomast/honeussy,1,/home/mojo/builds/hone
horolog,horologussy,https://github.com/mojomast/horologussy,1,/home/mojo/builds/horolog
hospitia,hospitiaussy,https://github.com/mojomast/hospitiaussy,1,/home/mojo/builds/hospitia
hysteron,hysteronussy,https://github.com/mojomast/hysteronussy,1,/home/mojo/builds/hysteron
ichnite,ichniteussy,https://github.com/mojomast/ichniteussy,1,/home/mojo/builds/ichnite
ichno,ichnoussy,https://github.com/mojomast/ichnoussy,1,/home/mojo/builds/ichno
immune,immunussy,https://github.com/mojomast/immunussy,1,/home/mojo/builds/immune
infera,inferaussy,https://github.com/mojomast/inferaussy,1,/home/mojo/builds/infera
inkblot,inkblotussy,https://github.com/mojomast/inkblotussy,1,/home/mojo/builds/inkblot
interfera,interferaussy,https://github.com/mojomast/interferaussy,1,/home/mojo/builds/interfera
isobar,isobarussy,https://github.com/mojomast/isobarussy,1,/home/mojo/builds/isobar
ixodia,ixodiaussy,https://github.com/mojomast/ixodiaussy,1,/home/mojo/builds/ixodia
kanoa,kanoaussy,https://github.com/mojomast/kanoaussy,1,/home/mojo/builds/kanoa
keel,keelussy,https://github.com/mojomast/keelussy,1,/home/mojo/builds/keel
kerfwise,kerfwiseussy,https://github.com/mojomast/kerfwiseussy,1,/home/mojo/builds/kerfwise
kinesia,kinesiaussy,https://github.com/mojomast/kinesiaussy,1,/home/mojo/builds/kinesia
kinship,kinshipussy,https://github.com/mojomast/kinshipussy,1,/home/mojo/builds/kinship
kintsugi,kintsugiussy,https://github.com/mojomast/kintsugiussy,1,/home/mojo/builds/kintsugi
knit,knitussy,https://github.com/mojomast/knitussy,1,/home/mojo/builds/knit
kompressi,kompressiussy,https://github.com/mojomast/kompressiussy,1,/home/mojo/builds/kompressi
koppen,koppenussy,https://github.com/mojomast/koppenussy,1,/home/mojo/builds/koppen
kuleshov,kuleshovussy,https://github.com/mojomast/kuleshovussy,1,/home/mojo/builds/kuleshov
laminar,laminarussy,https://github.com/mojomast/laminarussy,1,/home/mojo/builds/laminar
laminate,laminateussy,https://github.com/mojomast/laminateussy,1,/home/mojo/builds/laminate
lanugo,lanugoussy,https://github.com/mojomast/lanugoussy,1,/home/mojo/builds/lanugo
legiona,legionaussy,https://github.com/mojomast/legionaussy,1,/home/mojo/builds/legiona
lehr,lehrussy,https://github.com/mojomast/lehrussy,1,/home/mojo/builds/lehr
lensara,lensaraussy,https://github.com/mojomast/lensaraussy,1,/home/mojo/builds/lensara
levain,levainussy,https://github.com/mojomast/levainussy,1,/home/mojo/builds/levain
licheno,lichenoussy,https://github.com/mojomast/lichenoussy,1,/home/mojo/builds/licheno
limno,limnoussy,https://github.com/mojomast/limnoussy,1,/home/mojo/builds/limno
loadpath,loadpathussy,https://github.com/mojomast/loadpathussy,1,/home/mojo/builds/loadpath
lossica,lossicaussy,https://github.com/mojomast/lossicaussy,1,/home/mojo/builds/lossica
ludon,ludonussy,https://github.com/mojomast/ludonussy,1,/home/mojo/builds/ludon
luminara,luminaraussy,https://github.com/mojomast/luminaraussy,1,/home/mojo/builds/luminara
maillara,maillaraussy,https://github.com/mojomast/maillaraussy,1,/home/mojo/builds/maillara
maneuver,maneuverussy,https://github.com/mojomast/maneuverussy,1,/home/mojo/builds/maneuver
marangoni,marangoniussy,https://github.com/mojomast/marangoniussy,1,/home/mojo/builds/marangoni
marksman,marksmanussy,https://github.com/mojomast/marksmanussy,1,/home/mojo/builds/marksman
mash,mashussy,https://github.com/mojomast/mashussy,1,/home/mojo/builds/mash
memetix,memetixussy,https://github.com/mojomast/memetixussy,1,/home/mojo/builds/memetix
meridian,meridianussy,https://github.com/mojomast/meridianussy,1,/home/mojo/builds/meridian
metamera,metameraussy,https://github.com/mojomast/metameraussy,1,/home/mojo/builds/metamera
metra,metraussy,https://github.com/mojomast/metraussy,1,/home/mojo/builds/metra
migration,migrationussy,https://github.com/mojomast/migrationussy,1,/home/mojo/builds/migration
mint,mintussy,https://github.com/mojomast/mintussy,1,/home/mojo/builds/mint
modesa,modesaussy,https://github.com/mojomast/modesaussy,1,/home/mojo/builds/modesa
mordanta,mordantaussy,https://github.com/mojomast/mordantaussy,1,/home/mojo/builds/mordanta
morphema,morphemaussy,https://github.com/mojomast/morphemaussy,1,/home/mojo/builds/morphema
morphica,morphicaussy,https://github.com/mojomast/morphicaussy,1,/home/mojo/builds/morphica
morseth,morsethussy,https://github.com/mojomast/morsethussy,1,/home/mojo/builds/morseth
mort,mortussy,https://github.com/mojomast/mortussy,1,/home/mojo/builds/mort
motif,motifussy,https://github.com/mojomast/motifussy,1,/home/mojo/builds/motif
mtor,mtorussy,https://github.com/mojomast/mtorussy,1,/home/mojo/builds/mtor
mushin,mushinussy,https://github.com/mojomast/mushinussy,1,/home/mojo/builds/mushin
mustia,mustiaussy,https://github.com/mojomast/mustiaussy,1,/home/mojo/builds/mustia
mycelium,myceliumussy,https://github.com/mojomast/myceliumussy,1,/home/mojo/builds/mycelium
neophaga,neophagaussy,https://github.com/mojomast/neophagaussy,1,/home/mojo/builds/neophaga
niche,nicheussy,https://github.com/mojomast/nicheussy,1,/home/mojo/builds/niche
oarsa,oarsaussy,https://github.com/mojomast/oarsaussy,1,/home/mojo/builds/oarsa
obscura,obscuraussy,https://github.com/mojomast/obscuraussy,1,/home/mojo/builds/obscura
occlusa,occlusaussy,https://github.com/mojomast/occlusaussy,1,/home/mojo/builds/occlusa
olfacto,olfactoussy,https://github.com/mojomast/olfactoussy,1,/home/mojo/builds/olfacto
onycha,onychaussy,https://github.com/mojomast/onychaussy,1,/home/mojo/builds/onycha
operon,operonussy,https://github.com/mojomast/operonussy,1,/home/mojo/builds/operon
optic,opticussy,https://github.com/mojomast/opticussy,1,/home/mojo/builds/optic
orbital,orbitalussy,https://github.com/mojomast/orbitalussy,1,/home/mojo/builds/orbital
orsera,orseraussy,https://github.com/mojomast/orseraussy,1,/home/mojo/builds/orsera
ottavia,ottaviaussy,https://github.com/mojomast/ottaviaussy,1,/home/mojo/builds/ottavia
ovulera,ovuleraussy,https://github.com/mojomast/ovuleraussy,1,/home/mojo/builds/ovulera
paddock,paddockussy,https://github.com/mojomast/paddockussy,1,/home/mojo/builds/paddock
palpa,palpaussy,https://github.com/mojomast/palpaussy,1,/home/mojo/builds/palpa
palpebra,palpebraussy,https://github.com/mojomast/palpebraussy,1,/home/mojo/builds/palpebra
palyno,palynoussy,https://github.com/mojomast/palynoussy,1,/home/mojo/builds/palyno
parliament,parliamentussy,https://github.com/mojomast/parliamentussy,1,/home/mojo/builds/parliament
paronycha,paronychaussy,https://github.com/mojomast/paronychaussy,1,/home/mojo/builds/paronycha
patchwise,patchwiseussy,https://github.com/mojomast/patchwiseussy,1,/home/mojo/builds/patchwise
patina,patinaussy,https://github.com/mojomast/patinaussy,1,/home/mojo/builds/patina
pediculia,pediculiaussy,https://github.com/mojomast/pediculiaussy,1,/home/mojo/builds/pediculia
pedon,pedonussy,https://github.com/mojomast/pedonussy,1,/home/mojo/builds/pedon
percolate,percolateussy,https://github.com/mojomast/percolateussy,1,/home/mojo/builds/percolate
petrichor,petrichorussy,https://github.com/mojomast/petrichorussy,1,/home/mojo/builds/petrichor
phenoa,phenoaussy,https://github.com/mojomast/phenoaussy,1,/home/mojo/builds/phenoa
pheroma,pheromaussy,https://github.com/mojomast/pheromaussy,1,/home/mojo/builds/pheroma
phonara,phonaraussy,https://github.com/mojomast/phonaraussy,1,/home/mojo/builds/phonara
photona,photonaussy,https://github.com/mojomast/photonaussy,1,/home/mojo/builds/photona
photosynth,photosynthussy,https://github.com/mojomast/photosynthussy,1,/home/mojo/builds/photosynth
phyllotaxis,phyllotaxisussy,https://github.com/mojomast/phyllotaxisussy,1,/home/mojo/builds/phyllotaxis
plan9webplumb,plan9webplumbussy,https://github.com/mojomast/plan9webplumbussy,1,/home/mojo/builds/plan9webplumb
planta,plantaussy,https://github.com/mojomast/plantaussy,1,/home/mojo/builds/planta
plumia,plumiaussy,https://github.com/mojomast/plumiaussy,1,/home/mojo/builds/plumia
pokayoke,pokayokeussy,https://github.com/mojomast/pokayokeussy,1,/home/mojo/builds/pokayoke
portmore,portmoreussy,https://github.com/mojomast/portmoreussy,1,/home/mojo/builds/portmore
portolan,portolanussy,https://github.com/mojomast/portolanussy,1,/home/mojo/builds/portolan
predator,predatorussy,https://github.com/mojomast/predatorussy,1,/home/mojo/builds/predator
pressora,pressoraussy,https://github.com/mojomast/pressoraussy,1,/home/mojo/builds/pressora
probaya,probayaussy,https://github.com/mojomast/probayaussy,1,/home/mojo/builds/probaya
proprioception,proprioceptionussy,https://github.com/mojomast/proprioceptionussy,1,/home/mojo/builds/proprioception
prospecta,prospectaussy,https://github.com/mojomast/prospectaussy,1,/home/mojo/builds/prospecta
proxema,proxemaussy,https://github.com/mojomast/proxemaussy,1,/home/mojo/builds/proxema
psychra,psychraussy,https://github.com/mojomast/psychraussy,1,/home/mojo/builds/psychra
pulmo,pulmoussy,https://github.com/mojomast/pulmoussy,1,/home/mojo/builds/pulmo
pupa,pupaussy,https://github.com/mojomast/pupaussy,1,/home/mojo/builds/pupa
quantum,quantumussy,https://github.com/mojomast/quantumussy,1,/home/mojo/builds/quantum
queue,queueussy,https://github.com/mojomast/queueussy,1,/home/mojo/builds/queue
quorum,quorumussy,https://github.com/mojomast/quorumussy,1,/home/mojo/builds/quorum
rabida,rabidaussy,https://github.com/mojomast/rabidaussy,1,/home/mojo/builds/rabida
racia,raciaussy,https://github.com/mojomast/raciaussy,1,/home/mojo/builds/racia
radona,radonaussy,https://github.com/mojomast/radonaussy,1,/home/mojo/builds/radona
recaptura,recapturaussy,https://github.com/mojomast/recapturaussy,1,/home/mojo/builds/recaptura
resona,resonaussy,https://github.com/mojomast/resonaussy,1,/home/mojo/builds/resona
retoura,retouraussy,https://github.com/mojomast/retouraussy,1,/home/mojo/builds/retoura
reverba,reverbaussy,https://github.com/mojomast/reverbaussy,1,/home/mojo/builds/reverba
rheo,rheoussy,https://github.com/mojomast/rheoussy,1,/home/mojo/builds/rheo
riptida,riptidaussy,https://github.com/mojomast/riptidaussy,1,/home/mojo/builds/riptida
rituala,ritualaussy,https://github.com/mojomast/ritualaussy,1,/home/mojo/builds/rituala
rosetta,rosettussy,https://github.com/mojomast/rosettussy,1,/home/mojo/builds/rosetta
rotation,rotationussy,https://github.com/mojomast/rotationussy,1,/home/mojo/builds/rotation
rulaia,rulaiaussy,https://github.com/mojomast/rulaiaussy,1,/home/mojo/builds/rulaia
saccada,saccadaussy,https://github.com/mojomast/saccadaussy,1,/home/mojo/builds/saccada
saponin,saponinussy,https://github.com/mojomast/saponinussy,1,/home/mojo/builds/saponin
satia,satiaussy,https://github.com/mojomast/satiaussy,1,/home/mojo/builds/satia
scaffold,scaffoldussy,https://github.com/mojomast/scaffoldussy,1,/home/mojo/builds/scaffold
scalaria,scalariaussy,https://github.com/mojomast/scalariaussy,1,/home/mojo/builds/scalaria
scansion,scansionussy,https://github.com/mojomast/scansionussy,1,/home/mojo/builds/scansion
seismic,seismicussy,https://github.com/mojomast/seismicussy,1,/home/mojo/builds/seismic
semaphora,semaphoraussy,https://github.com/mojomast/semaphoraussy,1,/home/mojo/builds/semaphora
sentinel,sentinelussy,https://github.com/mojomast/sentinelussy,1,/home/mojo/builds/sentinel
septica,septicaussy,https://github.com/mojomast/septicaussy,1,/home/mojo/builds/septica
serala,seralaussy,https://github.com/mojomast/seralaussy,1,/home/mojo/builds/serala
seral,seralussy,https://github.com/mojomast/seralussy,1,/home/mojo/builds/seral
shewharta,shewhartaussy,https://github.com/mojomast/shewhartaussy,1,/home/mojo/builds/shewharta
sialia,sialiaussy,https://github.com/mojomast/sialiaussy,1,/home/mojo/builds/sialia
silva,silvaussy,https://github.com/mojomast/silvaussy,1,/home/mojo/builds/silva
slabwise,slabwiseussy,https://github.com/mojomast/slabwiseussy,1,/home/mojo/builds/slabwise
snapshot,snapshotussy,https://github.com/mojomast/snapshotussy,1,/home/mojo/builds/snapshot
solara,solaraussy,https://github.com/mojomast/solaraussy,1,/home/mojo/builds/solara
solute,soluteussy,https://github.com/mojomast/soluteussy,1,/home/mojo/builds/solute
somna,somnaussy,https://github.com/mojomast/somnaussy,1,/home/mojo/builds/somna
sonanta,sonantaussy,https://github.com/mojomast/sonantaussy,1,/home/mojo/builds/sonanta
sorpra,sorpraussy,https://github.com/mojomast/sorpraussy,1,/home/mojo/builds/sorpra
sortaria,sortariaussy,https://github.com/mojomast/sortariaussy,1,/home/mojo/builds/sortaria
speleo,speleoussy,https://github.com/mojomast/speleoussy,1,/home/mojo/builds/speleo
stabilon,stabilonussy,https://github.com/mojomast/stabilonussy,1,/home/mojo/builds/stabilon
stellar,stellarussy,https://github.com/mojomast/stellarussy,1,/home/mojo/builds/stellar
stemma,stemmaussy,https://github.com/mojomast/stemmaussy,1,/home/mojo/builds/stemma
stenography,stenographussy,https://github.com/mojomast/stenographussy,1,/home/mojo/builds/stenography
sterila,sterilaussy,https://github.com/mojomast/sterilaussy,1,/home/mojo/builds/sterila
stoich,stoichussy,https://github.com/mojomast/stoichussy,1,/home/mojo/builds/stoich
stomata,stomataussy,https://github.com/mojomast/stomataussy,1,/home/mojo/builds/stomata
storm,stormussy,https://github.com/mojomast/stormussy,1,/home/mojo/builds/storm
stratagit,stratagitussy,https://github.com/mojomast/stratagitussy,1,/home/mojo/builds/stratagit
strata,strataussy,https://github.com/mojomast/strataussy,1,/home/mojo/builds/strata
stratum,stratumussy,https://github.com/mojomast/stratumussy,1,/home/mojo/builds/stratum
sumpa,sumpaussy,https://github.com/mojomast/sumpaussy,1,/home/mojo/builds/sumpa
symbiosis,symbiosisussy,https://github.com/mojomast/symbiosisussy,1,/home/mojo/builds/symbiosis
synapse,synapseussy,https://github.com/mojomast/synapseussy,1,/home/mojo/builds/synapse
syntrop,syntropussy,https://github.com/mojomast/syntropussy,1,/home/mojo/builds/syntrop
takt,taktussy,https://github.com/mojomast/taktussy,1,/home/mojo/builds/takt
tanglea,tangleaussy,https://github.com/mojomast/tangleaussy,1,/home/mojo/builds/tanglea
taphon,taphonussy,https://github.com/mojomast/taphonussy,1,/home/mojo/builds/taphon
tarot,tarotussy,https://github.com/mojomast/tarotussy,1,/home/mojo/builds/tarot
tectonic,tectonicussy,https://github.com/mojomast/tectonicussy,1,/home/mojo/builds/tectonic
telegrapha,telegraphaussy,https://github.com/mojomast/telegraphaussy,1,/home/mojo/builds/telegrapha
tell,tellussy,https://github.com/mojomast/tellussy,1,/home/mojo/builds/tell
tempest,tempestussy,https://github.com/mojomast/tempestussy,1,/home/mojo/builds/tempest
tenocyte,tenocyteussy,https://github.com/mojomast/tenocyteussy,1,/home/mojo/builds/tenocyte
terrarium,terrariumussy,https://github.com/mojomast/terrariumussy,1,/home/mojo/builds/terrarium
terroir,terroirussy,https://github.com/mojomast/terroirussy,1,/home/mojo/builds/terroir
thermo,thermoussy,https://github.com/mojomast/thermoussy,1,/home/mojo/builds/thermo
tidal,tidalussy,https://github.com/mojomast/tidalussy,1,/home/mojo/builds/tidal
tidepool,tidepoolussy,https://github.com/mojomast/tidepoolussy,1,/home/mojo/builds/tidepool
tiltha,tilthaussy,https://github.com/mojomast/tilthaussy,1,/home/mojo/builds/tiltha
tonal,tonalussy,https://github.com/mojomast/tonalussy,1,/home/mojo/builds/tonal
transacta,transactaussy,https://github.com/mojomast/transactaussy,1,/home/mojo/builds/transacta
trapseal,trapsealussy,https://github.com/mojomast/trapsealussy,1,/home/mojo/builds/trapseal
treada,treadaussy,https://github.com/mojomast/treadaussy,1,/home/mojo/builds/treada
triage,triageussy,https://github.com/mojomast/triageussy,1,/home/mojo/builds/triage
triagia,triagiaussy,https://github.com/mojomast/triagiaussy,1,/home/mojo/builds/triagia
trialwise,trialwiseussy,https://github.com/mojomast/trialwiseussy,1,/home/mojo/builds/trialwise
tribo,triboussy,https://github.com/mojomast/triboussy,1,/home/mojo/builds/tribo
turnwise,turnwiseussy,https://github.com/mojomast/turnwiseussy,1,/home/mojo/builds/turnwise
tympana,tympanaussy,https://github.com/mojomast/tympanaussy,1,/home/mojo/builds/tympana
urticara,urticaraussy,https://github.com/mojomast/urticaraussy,1,/home/mojo/builds/urticara
vector,vectorussy,https://github.com/mojomast/vectorussy,1,/home/mojo/builds/vector
vessel,vesselussy,https://github.com/mojomast/vesselussy,1,/home/mojo/builds/vessel
vibra,vibraussy,https://github.com/mojomast/vibraussy,1,/home/mojo/builds/vibra
vital,vitalussy,https://github.com/mojomast/vitalussy,1,/home/mojo/builds/vital
vortica,vorticaussy,https://github.com/mojomast/vorticaussy,1,/home/mojo/builds/vortica
watershed,watershedussy,https://github.com/mojomast/watershedussy,1,/home/mojo/builds/watershed
webera,weberaussy,https://github.com/mojomast/weberaussy,1,/home/mojo/builds/webera
wetbulba,wetbulbaussy,https://github.com/mojomast/wetbulbaussy,1,/home/mojo/builds/wetbulba
zoox,zooxussy,https://github.com/mojomast/zooxussy,1,/home/mojo/builds/zoox
